[{"Id":6,"ExamId":0,"ImgStatus":false,"Img":null,"Statement":"This is Short Question 1","Points":0.0,"QuestionType":3,"Options":[{"Statement":null}]},{"Id":7,"ExamId":0,"ImgStatus":false,"Img":null,"Statement":"This is Short Question 2","Points":0.0,"QuestionType":3,"Options":[{"Statement":null}]},{"Id":8,"ExamId":0,"ImgStatus":false,"Img":null,"Statement":"This is LOng Question 1","Points":0.0,"QuestionType":4,"Options":[{"Statement":null}]},{"Id":9,"ExamId":0,"ImgStatus":false,"Img":null,"Statement":"This is Long Question 2","Points":0.0,"QuestionType":4,"Options":[{"Statement":null}]},{"Id":10,"ExamId":0,"ImgStatus":false,"Img":null,"Statement":"single choice 1","Points":0.0,"QuestionType":1,"Options":[{"Statement":null}]},{"Id":11,"ExamId":0,"ImgStatus":false,"Img":null,"Statement":"single choice 2","Points":0.0,"QuestionType":1,"Options":[{"Statement":null}]},{"Id":12,"ExamId":0,"ImgStatus":false,"Img":null,"Statement":"single choice 2","Points":0.0,"QuestionType":1,"Options":[{"Statement":null}]},{"Id":13,"ExamId":0,"ImgStatus":false,"Img":null,"Statement":"single choice 2","Points":0.0,"QuestionType":1,"Options":[{"Statement":null}]},{"Id":14,"ExamId":0,"ImgStatus":false,"Img":null,"Statement":"Mul choice 1","Points":0.0,"QuestionType":2,"Options":[{"Statement":null}]}]