{
  "Id": 1021,
  "Username": "ali123",
  "AnswerList": [
    {
      "Id": 22,
      "Ans": [
        "Single ton class"
      ],
      "isAttempted": true
    },
    {
      "Id": 24,
      "Ans": [
        "Abstract class"
      ],
      "isAttempted": true
    },
    {
      "Id": 0,
      "Ans": [],
      "isAttempted": false
    },
    {
      "Id": 26,
      "Ans": [
        "Amazing"
      ],
      "isAttempted": true
    },
    {
      "Id": 0,
      "Ans": [],
      "isAttempted": false
    },
    {
      "Id": 0,
      "Ans": [],
      "isAttempted": false
    },
    {
      "Id": 0,
      "Ans": [],
      "isAttempted": false
    },
    {
      "Id": 0,
      "Ans": [],
      "isAttempted": false
    }
  ]
}