<?xml version="1.0"?>
<doc>
    <assembly>
        <name>Bunifu.UI.WinForms.BunifuDropdown</name>
    </assembly>
    <members>
        <member name="T:Bunifu.UI.WinForms.BunifuDropdown">
            <summary>
            Bring style and elegance to your item selections with Bunifu Dropdown.
            </summary>
            <seealso cref="T:System.Windows.Forms.ComboBox" />
        </member>
        <member name="M:Bunifu.UI.WinForms.BunifuDropdown.#ctor">
            <summary>
            Initializes a new instance of the <see cref="T:Bunifu.UI.WinForms.BunifuDropdown" /> class.
            </summary>
        </member>
        <member name="T:Bunifu.UI.WinForms.BunifuDropdown.Directions">
            <summary>
            Provides the directional options for the dropdown indicator.
            </summary>
        </member>
        <member name="F:Bunifu.UI.WinForms.BunifuDropdown.Directions.Up">
            <summary>
            Displays indicator upward.
            </summary>
        </member>
        <member name="F:Bunifu.UI.WinForms.BunifuDropdown.Directions.Down">
            <summary>
            Displays indicator downward.
            </summary>
        </member>
        <member name="T:Bunifu.UI.WinForms.BunifuDropdown.Indicator">
            <summary>
            Provides various positions for the dropdown indicator. 
            </summary>
        </member>
        <member name="F:Bunifu.UI.WinForms.BunifuDropdown.Indicator.Left">
            <summary>
            Left position.
            </summary>
        </member>
        <member name="F:Bunifu.UI.WinForms.BunifuDropdown.Indicator.Right">
            <summary>
            Right position.
            </summary>
        </member>
        <member name="F:Bunifu.UI.WinForms.BunifuDropdown.Indicator.None">
            <summary>
            No position (defaults to center).
            </summary>
        </member>
        <member name="T:Bunifu.UI.WinForms.BunifuDropdown.TextAlign">
            <summary>
            Provides various text alignment options.
            </summary>
        </member>
        <member name="F:Bunifu.UI.WinForms.BunifuDropdown.TextAlign.Left">
            <summary>
            Left aligned.
            </summary>
        </member>
        <member name="F:Bunifu.UI.WinForms.BunifuDropdown.TextAlign.Right">
            <summary>
            Right aligned.
            </summary>
        </member>
        <member name="F:Bunifu.UI.WinForms.BunifuDropdown.TextAlign.Center">
            <summary>
            Center aligned.
            </summary>
        </member>
        <member name="T:Bunifu.UI.WinForms.BunifuDropdown.BorderThickness">
            <summary>
            Provides the standard thickness options supported.
            </summary>
        </member>
        <member name="F:Bunifu.UI.WinForms.BunifuDropdown.BorderThickness.Thick">
            <summary>
            Represents a thick border.
            </summary>
        </member>
        <member name="F:Bunifu.UI.WinForms.BunifuDropdown.BorderThickness.Thin">
            <summary>
            Represents a thin border.
            </summary>
        </member>
        <member name="P:Bunifu.UI.WinForms.BunifuDropdown.Enabled">
            <summary>
            Gets or sets a value indicating whether the control can respond to user interaction.
            </summary>
            <value><c>true</c> if enabled; otherwise, <c>false</c>.</value>
        </member>
        <member name="P:Bunifu.UI.WinForms.BunifuDropdown.FillIndicator">
            <summary>
            Gets or sets a value inidicating whether 
            the indicator will be filled.
            </summary>
        </member>
        <member name="P:Bunifu.UI.WinForms.BunifuDropdown.ItemHeight">
            <summary>
            Gets or sets the dropdown's height.
            </summary>
        </member>
        <member name="P:Bunifu.UI.WinForms.BunifuDropdown.BorderRadius">
            <summary>
            Gets or sets the dropdown's border radius.
            </summary>
        </member>
        <member name="P:Bunifu.UI.WinForms.BunifuDropdown.TextLeftMargin">
            <summary>
            Gets or sets the margin between the 
            dropdown's text and its borders.
            </summary>
        </member>
        <member name="P:Bunifu.UI.WinForms.BunifuDropdown.ItemTopMargin">
            <summary>
            Gets or sets the margin between each 
            dropdown's item and the items container.
            </summary>
        </member>
        <member name="P:Bunifu.UI.WinForms.BunifuDropdown.Height">
            <summary>
            Gets or sets the dropdown's item height.
            </summary>
        </member>
        <member name="P:Bunifu.UI.WinForms.BunifuDropdown.Width">
            <summary>
            Gets or sets the dropdown's item width.
            </summary>
        </member>
        <member name="P:Bunifu.UI.WinForms.BunifuDropdown.Text">
            <summary>
            Gets or sets the dropdown's text.
            </summary>
        </member>
        <member name="P:Bunifu.UI.WinForms.BunifuDropdown.IndicatorColor">
            <summary>
            Gets or sets the indicator color.
            </summary>
        </member>
        <member name="P:Bunifu.UI.WinForms.BunifuDropdown.ItemForeColor">
            <summary>
            Gets or sets the default items' fore color.
            </summary>
        </member>
        <member name="P:Bunifu.UI.WinForms.BunifuDropdown.DisabledBackColor">
            <summary>
            Gets or sets the dropdown's back color when disabled.
            </summary>
        </member>
        <member name="P:Bunifu.UI.WinForms.BunifuDropdown.DisabledBorderColor">
            <summary>
            Gets or sets the dropdown's border color when disabled.
            </summary>
        </member>
        <member name="P:Bunifu.UI.WinForms.BunifuDropdown.DisabledIndicatorColor">
            <summary>
            Gets or sets the dropdown's indicator color when disabled.
            </summary>
        </member>
        <member name="P:Bunifu.UI.WinForms.BunifuDropdown.DisabledForeColor">
            <summary>
            Gets or sets the dropdown's fore color when disabled.
            </summary>
        </member>
        <member name="P:Bunifu.UI.WinForms.BunifuDropdown.ItemHighLightColor">
            <summary>
            Gets or sets the highlighted item's back color.
            </summary>
        </member>
        <member name="P:Bunifu.UI.WinForms.BunifuDropdown.ItemHighLightForeColor">
            <summary>
            Gets or sets the highlighted items' fore color.
            </summary>
        </member>
        <member name="P:Bunifu.UI.WinForms.BunifuDropdown.BorderColor">
            <summary>
            Gets or sets the dropdown's border color.
            </summary>
        </member>
        <member name="P:Bunifu.UI.WinForms.BunifuDropdown.BackgroundColor">
            <summary>
            Gets or sets the dropdown's background color.
            </summary>
        </member>
        <member name="P:Bunifu.UI.WinForms.BunifuDropdown.ItemBorderColor">
            <summary>
            Gets or sets the color of the item border.
            </summary>
            <value>The color of the item border.</value>
        </member>
        <member name="P:Bunifu.UI.WinForms.BunifuDropdown.ItemBackColor">
            <summary>
            Gets or sets the background color of the dropdown list.
            </summary>
        </member>
        <member name="P:Bunifu.UI.WinForms.BunifuDropdown.ForeColor">
            <summary>
            Gets or sets the dropdown's fore color.
            </summary>
        </member>
        <member name="P:Bunifu.UI.WinForms.BunifuDropdown.Font">
            <summary>
            Gets or sets the dropdown's font.
            </summary>
        </member>
        <member name="P:Bunifu.UI.WinForms.BunifuDropdown.DropdownBorderThickness">
            <summary>
            Gets or sets the dropdown's border thickness.
            </summary>
        </member>
        <member name="P:Bunifu.UI.WinForms.BunifuDropdown.TextAlignment">
            <summary>
            Gets or sets the default text alignment.
            </summary>
        </member>
        <member name="P:Bunifu.UI.WinForms.BunifuDropdown.IndicatorAlignment">
            <summary>
            Gets or sets the indicator's alignment position.
            </summary>
        </member>
        <member name="P:Bunifu.UI.WinForms.BunifuDropdown.FillDropDown">
            <summary>
            Gets or sets a value indicating whether 
            the dropdown will be color-filled.
            </summary>
        </member>
        <member name="P:Bunifu.UI.WinForms.BunifuDropdown.SelectedIndex">
            <summary>
            Gets or sets the selected index.
            </summary>
        </member>
        <member name="P:Bunifu.UI.WinForms.BunifuDropdown.Color">
            <summary>
            Gets or sets the dropdown's back color.
            </summary>
        </member>
        <member name="P:Bunifu.UI.WinForms.BunifuDropdown.DisabledColor">
            <summary>
            Gets or sets the dropdown's back color when disabled.
            </summary>
        </member>
        <member name="P:Bunifu.UI.WinForms.BunifuDropdown.Icon">
            <summary>
            Gets or sets a custom dropdown icon.
            </summary>
        </member>
        <member name="P:Bunifu.UI.WinForms.BunifuDropdown.Direction">
            <summary>
            Gets or sets the indicator's directional look.
            </summary>
        </member>
        <member name="P:Bunifu.UI.WinForms.BunifuDropdown.DropDownTextAlign">
            <summary>
            Gets or sets the default text alignment.
            </summary>
        </member>
        <member name="P:Bunifu.UI.WinForms.BunifuDropdown.IndicatorLocation">
            <summary>
            Gets or sets the indicator's alignment position.
            </summary>
        </member>
        <member name="P:Bunifu.UI.WinForms.BunifuDropdown.DropDownStyle">
            <summary>
            Gets or sets the default dropdown style.
            </summary>
        </member>
        <member name="P:Bunifu.UI.WinForms.BunifuDropdown.FlatStyle">
            <summary>
            Gets or sets the dropdown's default style.
            </summary>
        </member>
        <member name="P:Bunifu.UI.WinForms.BunifuDropdown.DrawMode">
            <summary>
            Gets or sets a value indicating whether your code or the 
            Operating System will handle drawing of elements in the list.
            </summary>
        </member>
        <member name="P:Bunifu.UI.WinForms.BunifuDropdown.BackColor">
            <summary>
            Gets or sets a the control back color.
            </summary>
        </member>
        <member name="F:Bunifu.UI.WinForms.BunifuDropdown.components">
            <summary>
            Required designer variable.
            </summary>
        </member>
        <member name="M:Bunifu.UI.WinForms.BunifuDropdown.Dispose(System.Boolean)">
            <summary>
            Clean up any resources being used.
            </summary>
            <param name="disposing">true if managed resources should be disposed; otherwise, false.</param>
        </member>
        <member name="M:Bunifu.UI.WinForms.BunifuDropdown.InitializeComponent">
            <summary>
            Required method for Designer support - do not modify 
            the contents of this method with the code editor.
            </summary>
        </member>
        <member name="T:Bunifu.UI.WinForms.Properties.Resources">
            <summary>
              A strongly-typed resource class, for looking up localized strings, etc.
            </summary>
        </member>
        <member name="P:Bunifu.UI.WinForms.Properties.Resources.ResourceManager">
            <summary>
              Returns the cached ResourceManager instance used by this class.
            </summary>
        </member>
        <member name="P:Bunifu.UI.WinForms.Properties.Resources.Culture">
            <summary>
              Overrides the current thread's CurrentUICulture property for all
              resource lookups using this strongly typed resource class.
            </summary>
        </member>
    </members>
</doc>
