<?xml version="1.0"?>
<doc>
    <assembly>
        <name>Bunifu.Dataviz.WinForms</name>
    </assembly>
    <members>
        <member name="T:Bunifu.Dataviz.WinForms.BunifuDatavizAdvanced">
            <summary>
            Create stunning visualizations and responsive charts 
            for your dashboards and data-centric applications.
            </summary>
        </member>
        <member name="M:Bunifu.Dataviz.WinForms.BunifuDatavizAdvanced.#ctor">
            <summary>
            Initializes a new instance of the <see cref="T:Bunifu.Dataviz.WinForms.BunifuDatavizAdvanced"/> control class.
            </summary>
        </member>
        <member name="T:Bunifu.Dataviz.WinForms.BunifuDatavizAdvanced._theme">
            <summary>
            Provides a list of predefined themes usable 
            within the list of supported charts.
            </summary>
        </member>
        <member name="F:Bunifu.Dataviz.WinForms.BunifuDatavizAdvanced._theme.theme1">
            <summary>
            Standard Theme 1.
            </summary>
        </member>
        <member name="F:Bunifu.Dataviz.WinForms.BunifuDatavizAdvanced._theme.theme2">
            <summary>
            Standard Theme 2.
            </summary>
        </member>
        <member name="F:Bunifu.Dataviz.WinForms.BunifuDatavizAdvanced._theme.theme3">
            <summary>
            Standard Theme 3.
            </summary>
        </member>
        <member name="T:Bunifu.Dataviz.WinForms.BunifuDatavizAdvanced._type">
             <summary>
             Provides a list of selectable, supported chart types.
             <example> 
             This sample shows how render column chart. (<see cref="M:Bunifu.Dataviz.WinForms.BunifuDatavizAdvanced.Render(Bunifu.Dataviz.WinForms.BunifuDatavizAdvanced.Canvas)"/> method.)
             <code>
               Bunifu.DataViz.Canvas canvas1 = new Bunifu.DataViz.Canvas();
               Bunifu.DataViz.DataPoint datapoint1 = new Bunifu.DataViz.DataPoint(Bunifu.DataViz.BunifuDataViz._type.Bunifu_column);
                      {
                         Random r = new Random();
                         datapoint1.addLabely("SUN", r.Next(0, 100).ToString());
                         datapoint1.addLabely("MON", r.Next(0, 100).ToString());
                         datapoint1.addLabely("TUE", r.Next(0, 100).ToString());
                         datapoint1.addLabely("WED", r.Next(0, 100).ToString());
                         datapoint1.addLabely("THU", r.Next(0, 100).ToString());
                         datapoint1.addLabely("FRI", r.Next(0, 100).ToString());
                         datapoint1.addLabely("SAT", r.Next(0, 100).ToString());
                         canvas1.addData(datapoint1);
                     }
            bunifuDataViz1.Render(canvas1);
             </code>
             </example>
             </summary>
        </member>
        <member name="F:Bunifu.Dataviz.WinForms.BunifuDatavizAdvanced._type.Bunifu_column">
            <summary>
            A column chart is a graphic representation of data. 
            Column charts display vertical bars going across the chart 
            horizontally, with the values axis being displayed on the 
            left side of the chart.
            </summary>
        </member>
        <member name="F:Bunifu.Dataviz.WinForms.BunifuDatavizAdvanced._type.Bunifu_line">
            <summary>
            A line chart or line graph is a type of chart which displays information 
            as a series of data points called 'markers' connected by straight line 
            segments. It is a basic type of chart common in many fields.
            </summary>
        </member>
        <member name="F:Bunifu.Dataviz.WinForms.BunifuDatavizAdvanced._type.Bunifu_stepLine">
            <summary>
            A chart similar to a line graph, but with the line 
            forming a series of steps between data points.
            </summary>
        </member>
        <member name="F:Bunifu.Dataviz.WinForms.BunifuDatavizAdvanced._type.Bunifu_spline">
            <summary>
            Spline charts integrate all the characteristics of a 
            conventional line chart except for the fact that unlike 
            line charts, which connect data points with straight lines, 
            spline charts draw a fitted curved line to join the data points.
            </summary>
        </member>
        <member name="F:Bunifu.Dataviz.WinForms.BunifuDatavizAdvanced._type.Bunifu_stepArea">
            <summary>
            An area chart or area graph displays graphically quantitative data. 
            It is based on the line chart. The area between axis and line are 
            commonly emphasized with colors, textures and hatchings. Commonly 
            one compares with an area chart two or more quantities.
            </summary>
        </member>
        <member name="F:Bunifu.Dataviz.WinForms.BunifuDatavizAdvanced._type.Bunifu_area">
            <summary>
            An area chart or area graph displays graphically quantitative data. 
            It is based on the line chart. The area between axis and line are 
            commonly emphasized with colors, textures and hatchings. Commonly 
            one compares with an area chart two or more quantities.
            </summary>
        </member>
        <member name="F:Bunifu.Dataviz.WinForms.BunifuDatavizAdvanced._type.Bunifu_splineArea">
            <summary>
            An area chart or area graph displays graphically quantitative data. 
            It is based on the line chart. The area between axis and line are 
            commonly emphasized with colors, textures and hatchings.
            </summary>
        </member>
        <member name="F:Bunifu.Dataviz.WinForms.BunifuDatavizAdvanced._type.Bunifu_bar">
            <summary>
            a diagram in which the numerical values of variables are represented 
            by the height or length of lines or rectangles of equal width.
            </summary>
        </member>
        <member name="F:Bunifu.Dataviz.WinForms.BunifuDatavizAdvanced._type.Bunifu_pie">
            <summary>
            The pie is a type of graph in which a circle is divided into 
            sectors that each represent a proportion of the whole.
            </summary>
        </member>
        <member name="F:Bunifu.Dataviz.WinForms.BunifuDatavizAdvanced._type.Bunifu_doughnut">
            <summary>
            Doughnut Charts. Definition. A doughnut chart looks similar to a 
            pie chart but it can contain more than one data series. Like a pie 
            chart a doughnut chart shows the relationship of parts to a whole.
            </summary>
        </member>
        <member name="F:Bunifu.Dataviz.WinForms.BunifuDatavizAdvanced._type.Bunifu_bubble">
            <summary>
            A bubble chart is a type of chart that displays three dimensions of data. 
            Each entity with its triplet (v1, v2, v3) of associated data is plotted 
            as a disk that expresses two of the vi values through the disk's xy 
            location and the third through its size.
            </summary>
        </member>
        <member name="F:Bunifu.Dataviz.WinForms.BunifuDatavizAdvanced._type.Bunifu_scatter">
            <summary>
             A scatter plot is a set of points plotted on a horizontal and vertical axes. 
             Scatter plots are important in statistics because they can show the extent 
             of correlation, if any, between the values of observed quantities or 
             phenomena (called variables).
            </summary> 
        </member>
        <member name="F:Bunifu.Dataviz.WinForms.BunifuDatavizAdvanced._type.Bunifu_stackedColumn">
            <summary>
            Represents a stacked column chart.
            </summary>
        </member>
        <member name="F:Bunifu.Dataviz.WinForms.BunifuDatavizAdvanced._type.Bunifu_stackedColumn100">
            <summary>
            Represents a stacked column-100 chart.
            </summary>
        </member>
        <member name="F:Bunifu.Dataviz.WinForms.BunifuDatavizAdvanced._type.Bunifu_stackedArea">
            <summary>
            Represents a stacked area chart.
            </summary>
        </member>
        <member name="F:Bunifu.Dataviz.WinForms.BunifuDatavizAdvanced._type.Bunifu_stackedArea100">
            <summary>
            Represents a stacked area-100 column chart.
            </summary>
        </member>
        <member name="F:Bunifu.Dataviz.WinForms.BunifuDatavizAdvanced._type.Bunifu_stackedBar">
            <summary>
            Represents a stacked bar chart.
            </summary>
        </member>
        <member name="F:Bunifu.Dataviz.WinForms.BunifuDatavizAdvanced._type.Bunifu_stackedBar100">
            <summary>
            Represents a stacked bar-100 chart.
            </summary>
        </member>
        <member name="F:Bunifu.Dataviz.WinForms.BunifuDatavizAdvanced._type.Bunifu_rangeColumn">
            <summary>
            Represents a range column chart.
            </summary>
        </member>
        <member name="F:Bunifu.Dataviz.WinForms.BunifuDatavizAdvanced._type.Bunifu_rangeBar">
            <summary>
            Represents a range bar chart.
            </summary>
        </member>
        <member name="F:Bunifu.Dataviz.WinForms.BunifuDatavizAdvanced._type.Bunifu_rangeArea">
            <summary>
            Represents a range area chart.
            </summary>
        </member>
        <member name="F:Bunifu.Dataviz.WinForms.BunifuDatavizAdvanced._type.Bunifu_rangeSplineArea">
            <summary>
            Represents a range spline area chart.
            </summary>
        </member>
        <member name="F:Bunifu.Dataviz.WinForms.BunifuDatavizAdvanced._type.Bunifu_ohlc">
            <summary>
            Represents an OHLC chart.
            </summary>
        </member>
        <member name="F:Bunifu.Dataviz.WinForms.BunifuDatavizAdvanced._type.Bunifu_candlestick">
            <summary>
            Represents a candlestick chart.
            </summary>
        </member>
        <member name="P:Bunifu.Dataviz.WinForms.BunifuDatavizAdvanced.animationEnabled">
            <summary>
            Gets or sets a value indicating 
            whether animation is enabled.
            </summary>
        </member>
        <member name="P:Bunifu.Dataviz.WinForms.BunifuDatavizAdvanced.Title">
            <summary>
            Gets or sets the chart title.
            </summary>
        </member>
        <member name="P:Bunifu.Dataviz.WinForms.BunifuDatavizAdvanced.Theme">
            <summary>
            Gets or sets the chart theme.
            </summary>
        </member>
        <member name="P:Bunifu.Dataviz.WinForms.BunifuDatavizAdvanced.AxisXGridColor">
            <summary>
            Gets or sets the X-axis grid color.
            </summary>
        </member>
        <member name="P:Bunifu.Dataviz.WinForms.BunifuDatavizAdvanced.AxisXFontColor">
            <summary>
            Gets or sets the X-axis font color.
            </summary>
        </member>
        <member name="P:Bunifu.Dataviz.WinForms.BunifuDatavizAdvanced.AxisYFontColor">
            <summary>
            Gets or sets the Y-axis grid color.
            </summary>
        </member>
        <member name="P:Bunifu.Dataviz.WinForms.BunifuDatavizAdvanced.AxisYGridColor">
            <summary>
            Gets or sets the Y-axis grid color.
            </summary>
        </member>
        <member name="P:Bunifu.Dataviz.WinForms.BunifuDatavizAdvanced.AxisXGridThickness">
            <summary>
            Gets or sets the X-axis grid thickness.
            </summary>
        </member>
        <member name="P:Bunifu.Dataviz.WinForms.BunifuDatavizAdvanced.AxisYGridThickness">
            <summary>
            Gets or sets the Y-axis grid thickness.
            </summary>
        </member>
        <member name="P:Bunifu.Dataviz.WinForms.BunifuDatavizAdvanced.AxisLineColor">
            <summary>
            Gets or sets the axes line color.
            </summary>
        </member>
        <member name="P:Bunifu.Dataviz.WinForms.BunifuDatavizAdvanced.DesignMode2">
            <summary>
            Gets a value that indicates whether the <see cref="T:System.ComponentModel.Component" /> is currently in design mode.
            </summary>
            <value><c>true</c> if [design mode]; otherwise, <c>false</c>.</value>
        </member>
        <member name="M:Bunifu.Dataviz.WinForms.BunifuDatavizAdvanced.Render(Bunifu.Dataviz.WinForms.BunifuDatavizAdvanced.Canvas)">
            <summary>
            Renders any specified canvas.
            </summary>
            <param name="data">The canvas data.</param>
            <returns>
            An HTML representation of the rendered canvas.
            </returns>
        </member>
        <member name="M:Bunifu.Dataviz.WinForms.BunifuDatavizAdvanced.Refresh">
            <summary>
            Forces the control to invalidate its client area 
            and immediately redraw itself and any child controls.
            </summary>
        </member>
        <member name="M:Bunifu.Dataviz.WinForms.BunifuDatavizAdvanced.colorToHex(System.Drawing.Color)">
            <summary>
            Converts a color to its hexadecimal equivalent.
            </summary>
            <param name="color">The color to convert.</param>
        </member>
        <member name="M:Bunifu.Dataviz.WinForms.BunifuDatavizAdvanced.toJSON_Array(System.Object[])">
            <summary>
            Converts a list of object datapoints to their string equivalent.
            </summary>
            <param name="data">
            The data to convert.
            </param>
        </member>
        <member name="M:Bunifu.Dataviz.WinForms.BunifuDatavizAdvanced.toJSON_Array(System.Collections.Generic.List{Bunifu.Dataviz.WinForms.BunifuDatavizAdvanced.DataPoint})">
            <summary>
            Converts a list of datapoints to their string equivalent.
            </summary>
            <param name="data">
            The list of datapoints to convert.
            </param>
        </member>
        <member name="M:Bunifu.Dataviz.WinForms.BunifuDatavizAdvanced.toJSON_Array(System.Collections.Generic.List{System.String})">
            <summary>
            Converts a list of formatted string datapoints to their overall string equivalent.
            </summary>
            <param name="data">
            The list of formatted string datapoints to convert.
            </param>
        </member>
        <member name="M:Bunifu.Dataviz.WinForms.BunifuDatavizAdvanced.getColorSet">
            <summary>
            Gets the colorset applied to the chart area.
            </summary>
            <returns>
            The colorset in string format.
            </returns>
        </member>
        <member name="E:Bunifu.Dataviz.WinForms.BunifuDatavizAdvanced.RenderComplete">
            <summary>
            Raised once chart rendering has been completed.
            </summary>
        </member>
        <member name="M:Bunifu.Dataviz.WinForms.BunifuDatavizAdvanced.OnRenderingCompleted(System.Object,System.Windows.Forms.WebBrowserDocumentCompletedEventArgs)">
            <summary>
            Handles the DocumentCompleted event of the webBrowser1 control.
            </summary>
            <param name="sender">The source of the event.</param>
            <param name="e">The <see cref="T:System.Windows.Forms.WebBrowserDocumentCompletedEventArgs" /> instance containing the event data.</param>
        </member>
        <member name="M:Bunifu.Dataviz.WinForms.BunifuDatavizAdvanced.OnBackColorChanged(System.Object,System.EventArgs)">
            <summary>
            Handles the BackColorChanged event of the BunifuCharts control.
            </summary>
            <param name="sender">The source of the event.</param>
            <param name="e">The <see cref="T:System.EventArgs" /> instance containing the event data.</param>
        </member>
        <member name="M:Bunifu.Dataviz.WinForms.BunifuDatavizAdvanced.OnSizeChanged(System.Object,System.EventArgs)">
            <summary>
            Handles the SizeChanged event of the renderer.
            </summary>
            <param name="sender">The source of the event.</param>
            <param name="e">The <see cref="T:System.EventArgs" /> instance containing the event data.</param>
        </member>
        <member name="T:Bunifu.Dataviz.WinForms.BunifuDatavizAdvanced.Canvas">
            <summary>
            Class Canvas.
            </summary>
        </member>
        <member name="F:Bunifu.Dataviz.WinForms.BunifuDatavizAdvanced.Canvas.type">
            <summary>
            Specify the chart type to be rendered.
            </summary>
        </member>
        <member name="M:Bunifu.Dataviz.WinForms.BunifuDatavizAdvanced.Canvas.getData">
            <summary>
            Gets the data points registered in the canvas.
            </summary>
            <returns></returns>
        </member>
        <member name="M:Bunifu.Dataviz.WinForms.BunifuDatavizAdvanced.Canvas.addData(Bunifu.Dataviz.WinForms.BunifuDatavizAdvanced.DataPoint)">
            <summary>
            Adds the datapoints to be used for rendering the chart specified.
            </summary>
            <param name="datapoint">
            Specify the datapoints to be used.
            </param>
        </member>
        <member name="T:Bunifu.Dataviz.WinForms.BunifuDatavizAdvanced.DataPoint">
            <summary>
            Class DataPoint.
            </summary>
        </member>
        <member name="F:Bunifu.Dataviz.WinForms.BunifuDatavizAdvanced.DataPoint.chartType">
            <summary>
            The chart type to be used.
            </summary>
        </member>
        <member name="M:Bunifu.Dataviz.WinForms.BunifuDatavizAdvanced.DataPoint.#ctor(Bunifu.Dataviz.WinForms.BunifuDatavizAdvanced._type)">
            <summary>
            Initializes a new instance of the <see cref="T:Bunifu.Dataviz.WinForms.BunifuDatavizAdvanced.DataPoint" /> class.
            </summary>
            <param name="_ChartType">Type of the chart.</param>
        </member>
        <member name="M:Bunifu.Dataviz.WinForms.BunifuDatavizAdvanced.DataPoint.GetDataPoint">
            <summary>
            Gets the datapoints registered in string format.
            </summary>
        </member>
        <member name="M:Bunifu.Dataviz.WinForms.BunifuDatavizAdvanced.DataPoint.clear">
            <summary>
            Clears the list of datapoints registered.
            </summary>
        </member>
        <member name="M:Bunifu.Dataviz.WinForms.BunifuDatavizAdvanced.DataPoint.addxy(System.Object,System.Object)">
            <summary>
            Adds two coordinates, X and Y, to the list of datapoints.
            </summary>
            <param name="x">The X coordinate value.</param>
            <param name="y">The Y coordinate value.</param>
        </member>
        <member name="M:Bunifu.Dataviz.WinForms.BunifuDatavizAdvanced.DataPoint.addLabely(System.String,System.Object)">
            <summary>
            Adds the Y-coordinate label text.
            </summary>
            <param name="labelText">The Y-axis label text.</param>
            <param name="y">Specify a Y-coordinate value.</param>
        </member>
        <member name="M:Bunifu.Dataviz.WinForms.BunifuDatavizAdvanced.DataPoint.addxyz(System.Object,System.Object,System.Object)">
            <summary>
            Adds three coordinates, X Y Z, to the list of datapoints.
            </summary>
            <param name="x">The X coordinate value.</param>
            <param name="y">The Y coordinate value.</param>
            <param name="z">The Z coordinate value.</param>
        </member>
        <member name="M:Bunifu.Dataviz.WinForms.BunifuDatavizAdvanced.DataPoint.addxy(System.Object,System.Object[])">
            <summary>
            Adds two coordinates, X and Y (list of values), to the list of datapoints.
            </summary>
            <param name="x">The X coordinate value.</param>
            <param name="y">Specify a list of Y coordinate values.</param>
        </member>
        <member name="M:Bunifu.Dataviz.WinForms.BunifuDatavizAdvanced.DataPoint.addxyLabel(System.Object,System.Object,System.String)">
            <summary>
            Adds X and Y-coordinate values and a label for both axis.
            </summary>
            <param name="x">The X coordinate value.</param>
            <param name="y">The Y coordinate value.</param>
            <param name="labelText">The XY-axis label.</param>
        </member>
        <member name="F:Bunifu.Dataviz.WinForms.BunifuDatavizAdvanced.components">
            <summary> 
            Required designer variable.
            </summary>
        </member>
        <member name="M:Bunifu.Dataviz.WinForms.BunifuDatavizAdvanced.Dispose(System.Boolean)">
            <summary> 
            Clean up any resources being used.
            </summary>
            <param name="disposing">true if managed resources should be disposed; otherwise, false.</param>
        </member>
        <member name="M:Bunifu.Dataviz.WinForms.BunifuDatavizAdvanced.InitializeComponent">
            <summary> 
            Required method for Designer support - do not modify 
            the contents of this method with the code editor.
            </summary>
        </member>
        <member name="T:Bunifu.Dataviz.WinForms.BunifuDatavizBasic">
            <summary>
            Create stunning visualizations and responsive charts 
            for your dashboards and data-centric applications.
            </summary>
        </member>
        <member name="M:Bunifu.Dataviz.WinForms.BunifuDatavizBasic.#ctor">
            <summary>
            Initializes a new instance of the <see cref="T:Bunifu.Dataviz.WinForms.BunifuDatavizBasic"/> control class.
            </summary>
        </member>
        <member name="T:Bunifu.Dataviz.WinForms.BunifuDatavizBasic._theme">
            <summary>
            Provides a list of predefined themes usable 
            within the list of supported charts.
            </summary>
        </member>
        <member name="F:Bunifu.Dataviz.WinForms.BunifuDatavizBasic._theme.theme1">
            <summary>
            Standard Theme 1.
            </summary>
        </member>
        <member name="F:Bunifu.Dataviz.WinForms.BunifuDatavizBasic._theme.theme2">
            <summary>
            Standard Theme 2.
            </summary>
        </member>
        <member name="F:Bunifu.Dataviz.WinForms.BunifuDatavizBasic._theme.theme3">
            <summary>
            Standard Theme 3.
            </summary>
        </member>
        <member name="T:Bunifu.Dataviz.WinForms.BunifuDatavizBasic._type">
             <summary>
             Provides a list of selectable, supported chart types.
             <example> 
             This sample shows how render column chart. (<see cref="M:Bunifu.Dataviz.WinForms.BunifuDatavizBasic.Render(Bunifu.Dataviz.WinForms.BunifuDatavizBasic.Canvas)"/> method.)
             <code>
               Bunifu.DataViz.Canvas canvas1 = new Bunifu.DataViz.Canvas();
               Bunifu.DataViz.DataPoint datapoint1 = new Bunifu.DataViz.DataPoint(Bunifu.DataViz.BunifuDataViz._type.Bunifu_column);
                      {
                         Random r = new Random();
                         datapoint1.addLabely("SUN", r.Next(0, 100).ToString());
                         datapoint1.addLabely("MON", r.Next(0, 100).ToString());
                         datapoint1.addLabely("TUE", r.Next(0, 100).ToString());
                         datapoint1.addLabely("WED", r.Next(0, 100).ToString());
                         datapoint1.addLabely("THU", r.Next(0, 100).ToString());
                         datapoint1.addLabely("FRI", r.Next(0, 100).ToString());
                         datapoint1.addLabely("SAT", r.Next(0, 100).ToString());
                         canvas1.addData(datapoint1);
                     }
            bunifuDataViz1.Render(canvas1);
             </code>
             </example>
             </summary>
        </member>
        <member name="F:Bunifu.Dataviz.WinForms.BunifuDatavizBasic._type.Bunifu_column">
            <summary>
            A column chart is a graphic representation of data. 
            Column charts display vertical bars going across the chart 
            horizontally, with the values axis being displayed on the 
            left side of the chart.
            </summary>
        </member>
        <member name="F:Bunifu.Dataviz.WinForms.BunifuDatavizBasic._type.Bunifu_line">
            <summary>
            A line chart or line graph is a type of chart which displays information 
            as a series of data points called 'markers' connected by straight line 
            segments. It is a basic type of chart common in many fields.
            </summary>
        </member>
        <member name="F:Bunifu.Dataviz.WinForms.BunifuDatavizBasic._type.Bunifu_stepLine">
            <summary>
            A chart similar to a line graph, but with the line 
            forming a series of steps between data points.
            </summary>
        </member>
        <member name="F:Bunifu.Dataviz.WinForms.BunifuDatavizBasic._type.Bunifu_spline">
            <summary>
            Spline charts integrate all the characteristics of a 
            conventional line chart except for the fact that unlike 
            line charts, which connect data points with straight lines, 
            spline charts draw a fitted curved line to join the data points.
            </summary>
        </member>
        <member name="F:Bunifu.Dataviz.WinForms.BunifuDatavizBasic._type.Bunifu_stepArea">
            <summary>
            An area chart or area graph displays graphically quantitative data. 
            It is based on the line chart. The area between axis and line are 
            commonly emphasized with colors, textures and hatchings. Commonly 
            one compares with an area chart two or more quantities.
            </summary>
        </member>
        <member name="F:Bunifu.Dataviz.WinForms.BunifuDatavizBasic._type.Bunifu_area">
            <summary>
            An area chart or area graph displays graphically quantitative data. 
            It is based on the line chart. The area between axis and line are 
            commonly emphasized with colors, textures and hatchings. Commonly 
            one compares with an area chart two or more quantities.
            </summary>
        </member>
        <member name="F:Bunifu.Dataviz.WinForms.BunifuDatavizBasic._type.Bunifu_splineArea">
            <summary>
            An area chart or area graph displays graphically quantitative data. 
            It is based on the line chart. The area between axis and line are 
            commonly emphasized with colors, textures and hatchings.
            </summary>
        </member>
        <member name="F:Bunifu.Dataviz.WinForms.BunifuDatavizBasic._type.Bunifu_bar">
            <summary>
            a diagram in which the numerical values of variables are represented 
            by the height or length of lines or rectangles of equal width.
            </summary>
        </member>
        <member name="F:Bunifu.Dataviz.WinForms.BunifuDatavizBasic._type.Bunifu_pie">
            <summary>
            The pie is a type of graph in which a circle is divided into 
            sectors that each represent a proportion of the whole.
            </summary>
        </member>
        <member name="F:Bunifu.Dataviz.WinForms.BunifuDatavizBasic._type.Bunifu_doughnut">
            <summary>
            Doughnut Charts. Definition. A doughnut chart looks similar to a 
            pie chart but it can contain more than one data series. Like a pie 
            chart a doughnut chart shows the relationship of parts to a whole.
            </summary>
        </member>
        <member name="P:Bunifu.Dataviz.WinForms.BunifuDatavizBasic.animationEnabled">
            <summary>
            Gets or sets a value indicating 
            whether animation is enabled.
            </summary>
        </member>
        <member name="P:Bunifu.Dataviz.WinForms.BunifuDatavizBasic.Title">
            <summary>
            Gets or sets the chart title.
            </summary>
        </member>
        <member name="P:Bunifu.Dataviz.WinForms.BunifuDatavizBasic.Theme">
            <summary>
            Gets or sets the chart theme.
            </summary>
        </member>
        <member name="P:Bunifu.Dataviz.WinForms.BunifuDatavizBasic.AxisXGridColor">
            <summary>
            Gets or sets the X-axis grid color.
            </summary>
        </member>
        <member name="P:Bunifu.Dataviz.WinForms.BunifuDatavizBasic.AxisXFontColor">
            <summary>
            Gets or sets the X-axis font color.
            </summary>
        </member>
        <member name="P:Bunifu.Dataviz.WinForms.BunifuDatavizBasic.AxisYFontColor">
            <summary>
            Gets or sets the Y-axis grid color.
            </summary>
        </member>
        <member name="P:Bunifu.Dataviz.WinForms.BunifuDatavizBasic.AxisYGridColor">
            <summary>
            Gets or sets the Y-axis grid color.
            </summary>
        </member>
        <member name="P:Bunifu.Dataviz.WinForms.BunifuDatavizBasic.AxisXGridThickness">
            <summary>
            Gets or sets the X-axis grid thickness.
            </summary>
        </member>
        <member name="P:Bunifu.Dataviz.WinForms.BunifuDatavizBasic.AxisYGridThickness">
            <summary>
            Gets or sets the Y-axis grid thickness.
            </summary>
        </member>
        <member name="P:Bunifu.Dataviz.WinForms.BunifuDatavizBasic.AxisLineColor">
            <summary>
            Gets or sets the axes line color.
            </summary>
        </member>
        <member name="P:Bunifu.Dataviz.WinForms.BunifuDatavizBasic.DesignMode2">
            <summary>
            Gets a value that indicates whether the <see cref="T:System.ComponentModel.Component" /> is currently in design mode.
            </summary>
            <value><c>true</c> if [design mode]; otherwise, <c>false</c>.</value>
        </member>
        <member name="M:Bunifu.Dataviz.WinForms.BunifuDatavizBasic.Render(Bunifu.Dataviz.WinForms.BunifuDatavizBasic.Canvas)">
            <summary>
            Renders any specified canvas.
            </summary>
            <param name="data">The canvas data.</param>
            <returns>
            An HTML representation of the rendered canvas.
            </returns>
        </member>
        <member name="M:Bunifu.Dataviz.WinForms.BunifuDatavizBasic.Refresh">
            <summary>
            Forces the control to invalidate its client area 
            and immediately redraw itself and any child controls.
            </summary>
        </member>
        <member name="M:Bunifu.Dataviz.WinForms.BunifuDatavizBasic.colorToHex(System.Drawing.Color)">
            <summary>
            Converts a color to its hexadecimal equivalent.
            </summary>
            <param name="color">The color to convert.</param>
        </member>
        <member name="M:Bunifu.Dataviz.WinForms.BunifuDatavizBasic.toJSON_Array(System.Object[])">
            <summary>
            Converts a list of object datapoints to their string equivalent.
            </summary>
            <param name="data">
            The data to convert.
            </param>
        </member>
        <member name="M:Bunifu.Dataviz.WinForms.BunifuDatavizBasic.toJSON_Array(System.Collections.Generic.List{Bunifu.Dataviz.WinForms.BunifuDatavizBasic.DataPoint})">
            <summary>
            Converts a list of datapoints to their string equivalent.
            </summary>
            <param name="data">
            The list of datapoints to convert.
            </param>
        </member>
        <member name="M:Bunifu.Dataviz.WinForms.BunifuDatavizBasic.toJSON_Array(System.Collections.Generic.List{System.String})">
            <summary>
            Converts a list of formatted string datapoints to their overall string equivalent.
            </summary>
            <param name="data">
            The list of formatted string datapoints to convert.
            </param>
        </member>
        <member name="M:Bunifu.Dataviz.WinForms.BunifuDatavizBasic.getColorSet">
            <summary>
            Gets the colorset applied to the chart area.
            </summary>
            <returns>
            The colorset in string format.
            </returns>
        </member>
        <member name="E:Bunifu.Dataviz.WinForms.BunifuDatavizBasic.RenderComplete">
            <summary>
            Raised once chart rendering has been completed.
            </summary>
        </member>
        <member name="M:Bunifu.Dataviz.WinForms.BunifuDatavizBasic.OnRenderingCompleted(System.Object,System.Windows.Forms.WebBrowserDocumentCompletedEventArgs)">
            <summary>
            Handles the DocumentCompleted event of the renderer.
            </summary>
            <param name="sender">The source of the event.</param>
            <param name="e">The <see cref="T:System.Windows.Forms.WebBrowserDocumentCompletedEventArgs" /> instance containing the event data.</param>
        </member>
        <member name="M:Bunifu.Dataviz.WinForms.BunifuDatavizBasic.OnBackColorChanged(System.Object,System.EventArgs)">
            <summary>
            Handles the BackColorChanged event of the renderer.
            </summary>
            <param name="sender">The source of the event.</param>
            <param name="e">The <see cref="T:System.EventArgs" /> instance containing the event data.</param>
        </member>
        <member name="M:Bunifu.Dataviz.WinForms.BunifuDatavizBasic.OnSizeChanged(System.Object,System.EventArgs)">
            <summary>
            Handles the SizeChanged event of the renderer.
            </summary>
            <param name="sender">The source of the event.</param>
            <param name="e">The <see cref="T:System.EventArgs" /> instance containing the event data.</param>
        </member>
        <member name="T:Bunifu.Dataviz.WinForms.BunifuDatavizBasic.Canvas">
            <summary>
            Class Canvas.
            </summary>
        </member>
        <member name="F:Bunifu.Dataviz.WinForms.BunifuDatavizBasic.Canvas.type">
            <summary>
            Specify the chart type to be rendered.
            </summary>
        </member>
        <member name="M:Bunifu.Dataviz.WinForms.BunifuDatavizBasic.Canvas.getData">
            <summary>
            Gets the data points registered in the canvas.
            </summary>
            <returns></returns>
        </member>
        <member name="M:Bunifu.Dataviz.WinForms.BunifuDatavizBasic.Canvas.addData(Bunifu.Dataviz.WinForms.BunifuDatavizBasic.DataPoint)">
            <summary>
            Adds the datapoints to be used for rendering the chart specified.
            </summary>
            <param name="datapoint">
            Specify the datapoints to be used.
            </param>
        </member>
        <member name="T:Bunifu.Dataviz.WinForms.BunifuDatavizBasic.DataPoint">
            <summary>
            Class DataPoint.
            </summary>
        </member>
        <member name="F:Bunifu.Dataviz.WinForms.BunifuDatavizBasic.DataPoint.chartType">
            <summary>
            The chart type to be used.
            </summary>
        </member>
        <member name="M:Bunifu.Dataviz.WinForms.BunifuDatavizBasic.DataPoint.#ctor(Bunifu.Dataviz.WinForms.BunifuDatavizBasic._type)">
            <summary>
            Initializes a new instance of the <see cref="T:Bunifu.Dataviz.WinForms.BunifuDatavizBasic.DataPoint" /> class.
            </summary>
            <param name="_ChartType">Type of the chart.</param>
        </member>
        <member name="M:Bunifu.Dataviz.WinForms.BunifuDatavizBasic.DataPoint.GetDataPoint">
            <summary>
            Gets the datapoints registered in string format.
            </summary>
        </member>
        <member name="M:Bunifu.Dataviz.WinForms.BunifuDatavizBasic.DataPoint.clear">
            <summary>
            Clears the list of datapoints registered.
            </summary>
        </member>
        <member name="M:Bunifu.Dataviz.WinForms.BunifuDatavizBasic.DataPoint.addxy(System.Object,System.Object)">
            <summary>
            Adds two coordinates, X and Y, to the list of datapoints.
            </summary>
            <param name="x">The X coordinate value.</param>
            <param name="y">The Y coordinate value.</param>
        </member>
        <member name="M:Bunifu.Dataviz.WinForms.BunifuDatavizBasic.DataPoint.addLabely(System.String,System.Object)">
            <summary>
            Adds the Y-coordinate label text.
            </summary>
            <param name="labelText">The Y-axis label text.</param>
            <param name="y">Specify a Y-coordinate value.</param>
        </member>
        <member name="M:Bunifu.Dataviz.WinForms.BunifuDatavizBasic.DataPoint.addxyz(System.Object,System.Object,System.Object)">
            <summary>
            Adds three coordinates, X Y Z, to the list of datapoints.
            </summary>
            <param name="x">The X coordinate value.</param>
            <param name="y">The Y coordinate value.</param>
            <param name="z">The Z coordinate value.</param>
        </member>
        <member name="M:Bunifu.Dataviz.WinForms.BunifuDatavizBasic.DataPoint.addxy(System.Object,System.Object[])">
            <summary>
            Adds two coordinates, X and Y (list of values), to the list of datapoints.
            </summary>
            <param name="x">The X coordinate value.</param>
            <param name="y">Specify a list of Y coordinate values.</param>
        </member>
        <member name="M:Bunifu.Dataviz.WinForms.BunifuDatavizBasic.DataPoint.addxyLabel(System.Object,System.Object,System.String)">
            <summary>
            Adds X and Y-coordinate values and a label for both axis.
            </summary>
            <param name="x">The X coordinate value.</param>
            <param name="y">The Y coordinate value.</param>
            <param name="labelText">The XY-axis label.</param>
        </member>
        <member name="F:Bunifu.Dataviz.WinForms.BunifuDatavizBasic.components">
            <summary> 
            Required designer variable.
            </summary>
        </member>
        <member name="M:Bunifu.Dataviz.WinForms.BunifuDatavizBasic.Dispose(System.Boolean)">
            <summary> 
            Clean up any resources being used.
            </summary>
            <param name="disposing">true if managed resources should be disposed; otherwise, false.</param>
        </member>
        <member name="M:Bunifu.Dataviz.WinForms.BunifuDatavizBasic.InitializeComponent">
            <summary> 
            Required method for Designer support - do not modify 
            the contents of this method with the code editor.
            </summary>
        </member>
        <member name="T:Bunifu.Dataviz.WinForms.Properties.Resources">
            <summary>
              A strongly-typed resource class, for looking up localized strings, etc.
            </summary>
        </member>
        <member name="P:Bunifu.Dataviz.WinForms.Properties.Resources.ResourceManager">
            <summary>
              Returns the cached ResourceManager instance used by this class.
            </summary>
        </member>
        <member name="P:Bunifu.Dataviz.WinForms.Properties.Resources.Culture">
            <summary>
              Overrides the current thread's CurrentUICulture property for all
              resource lookups using this strongly typed resource class.
            </summary>
        </member>
        <member name="P:Bunifu.Dataviz.WinForms.Properties.Resources.bunifujs">
             <summary>
               Looks up a localized string similar to &lt;!DOCTYPE HTML&gt;
            &lt;html&gt;
            &lt;head&gt;
            	&lt;script type=&quot;text/javascript&quot;&gt;
            		window.onload = function () {
            
            			CanvasJS.addColorSet(&quot;greenShades&quot;,
            				{ colorset }
            			);
            
            
            			var chart = new CanvasJS.Chart(&quot;chartContainer&quot;,
            				{ chart }
            			);
            			chart.render();
            		}
            	&lt;/script&gt;
            	&lt;style type=&quot;text/css&quot;&gt;
            		body {
            			overflow: hidden;
            		}
            	&lt;/style&gt;
            	&lt;script&gt;
            		(function () {
            			function O(a, b) { a.prototype = Ba(b.prototype); a.prototype.constructor = a; a.base = b.prototype } function Ba(a) { func [rest of string was truncated]&quot;;.
             </summary>
        </member>
    </members>
</doc>
